,Unnamed: 0,id,title,vote_average,vote_count,weighted_rating
605,314,278,The Shawshank Redemption,8.5,8358.0,7.992684885640601
617,834,238,The Godfather,8.5,6024.0,7.861456527343489
662,40251,372058,Your Name.,8.5,1030.0,7.069973255453041
720,2843,550,Fight Club,8.3,9678.0,7.8928234003486875
734,5481,129,Spirited Away,8.3,3968.0,7.559110412834837
751,2211,637,Life Is Beautiful,8.3,3643.0,7.522857911204502
794,1176,539,Psycho,8.3,2405.0,7.344822769470818
795,1152,510,One Flew Over the Cuckoo's Nest,8.3,3001.0,7.439703707703384
810,1178,240,The Godfather: Part II,8.3,3418.0,7.495608889858238
812,1184,311,Once Upon a Time in America,8.3,1104.0,7.041950340292543
827,23673,244786,Whiplash,8.3,4376.0,7.600097931690889
836,12481,155,The Dark Knight,8.3,12269.0,7.961921813349509
839,522,424,Schindler's List,8.3,4436.0,7.605746099020889
885,292,680,Pulp Fiction,8.3,8670.0,7.857650376743535
898,351,13,Forrest Gump,8.2,8147.0,7.763800668062112
901,9698,4935,Howl's Moving Castle,8.2,2049.0,7.236870492515908
921,1154,1891,The Empire Strikes Back,8.2,5998.0,7.659611231101511
922,5878,598,City of God,8.2,1852.0,7.197757626514183
927,1161,389,12 Angry Men,8.2,2130.0,7.252080765494307
945,1170,769,GoodFellas,8.2,3211.0,7.417088928537892
949,2216,73,American History X,8.2,3120.0,7.4054457012943775
967,18465,77338,The Intouchables,8.2,5410.0,7.621824503058664
971,877,567,Rear Window,8.2,1531.0,7.1267378026976385
984,2884,128,Princess Mononoke,8.2,2041.0,7.235341715519901
987,289,101,Leon: The Professional,8.2,4293.0,7.533258673370858
991,3030,497,The Green Mile,8.2,4166.0,7.521440648460614
1003,22879,157336,Interstellar,8.1,11187.0,7.778416907248012
1008,1159,429,"The Good, the Bad and the Ugly",8.1,2371.0,7.250469692033576
1015,5857,423,The Pianist,8.1,1927.0,7.173898141741839
1017,586,274,The Silence of the Lambs,8.1,4549.0,7.495604431136765
1020,7000,122,The Lord of the Rings: The Return of the King,8.1,8226.0,7.693587727948357
1032,1166,335,Once Upon a Time in the West,8.1,1160.0,7.003107056076052
1050,49,629,The Usual Suspects,8.1,3334.0,7.379649809919517
1063,109,103,Taxi Driver,8.1,2632.0,7.28984589703788
1070,1201,207,Dead Poets Society,8.1,2786.0,7.311412661403683
1073,4099,77,Memento,8.1,4168.0,7.463474570422814
1074,1213,694,The Shining,8.1,3890.0,7.437788103675468
1098,15480,27205,Inception,8.1,14075.0,7.8328114235809005
1100,1057,500,Reservoir Dogs,8.1,3821.0,7.431088305897405
1107,256,11,Star Wars,8.1,6778.0,7.6333969772139
1118,32144,264644,Room,8.1,2838.0,7.318437938362225
1127,46,807,Se7en,8.1,5915.0,7.588223271956506
1270,4863,120,The Lord of the Rings: The Fellowship of the Ring,8.0,8892.0,7.641571124902894
1333,41128,334543,Lion,8.0,1699.0,7.092788898727182
1363,4135,111,Scarface,8.0,3017.0,7.291542926565874
1398,5833,8392,My Neighbor Totoro,8.0,1730.0,7.098735937031149
1415,5814,121,The Lord of the Rings: The Two Towers,8.0,7641.0,7.599428782539502
1446,359,8587,The Lion King,8.0,5520.0,7.499697411224357
1472,11354,1124,The Prestige,8.0,4510.0,7.432404081265188
1555,1165,28,Apocalypse Now,8.0,2112.0,7.166097093762533
1557,1163,185,A Clockwork Orange,8.0,3432.0,7.337260495447101
1576,896,15,Citizen Kane,8.0,1244.0,6.995503711105421
1584,1225,105,Back to the Future,8.0,6239.0,7.538636311563142
1625,876,426,Vertigo,8.0,1162.0,6.975708302384115
1641,732,935,Dr. Strangelove or: How I Learned to Stop Worrying and Love the Bomb,8.0,1472.0,7.046728303784457
1646,926,1585,It's a Wonderful Life,8.0,1103.0,6.960975681672428
1721,22841,120467,The Grand Budapest Hotel,8.0,4644.0,7.442355390058918
1815,9430,670,Oldboy,8.0,2000.0,7.147413932030467
1856,24860,205596,The Imitation Game,8.0,5895.0,7.52079179741627
1898,1624,489,Good Will Hunting,7.9,2880.0,7.226045627865335
1912,12280,7345,There Will Be Blood,7.9,1581.0,7.034895686947664
1914,3824,641,Requiem for a Dream,7.9,2525.0,7.182733933059433
1920,7208,38,Eternal Sunshine of the Spotless Mind,7.9,3758.0,7.313618802163727
1931,21604,146233,Prisoners,7.9,3183.0,7.259078331643531
1936,40882,313369,La La Land,7.9,4745.0,7.3883551454313405
1945,15530,31011,Mr. Nobody,7.9,1616.0,7.0414566080650705
1950,17603,50014,The Help,7.9,1966.0,7.1019782973253385
1956,22168,152601,Her,7.9,4215.0,7.350765490188564
1960,22131,106646,The Wolf of Wall Street,7.9,6768.0,7.49433011633258
1961,536,78,Blade Runner,7.9,3833.0,7.320055949388218
1964,11316,1422,The Departed,7.9,4455.0,7.368449456160491
1969,21948,152532,Dallas Buyers Club,7.9,2973.0,7.236540898563346
1974,21878,76203,12 Years a Slave,7.9,3787.0,7.316124704718583
1985,23753,118340,Guardians of the Galaxy,7.9,10014.0,7.595521574288812
2000,23675,210577,Gone Girl,7.9,6023.0,7.4608315502350155
2003,17437,12445,Harry Potter and the Deathly Hallows: Part 2,7.9,6141.0,7.466501339849049
2006,885,289,Casablanca,7.9,1462.0,7.011818481555773
2024,13605,16869,Inglourious Basterds,7.9,6598.0,7.48714413318957
2033,2458,603,The Matrix,7.9,9079.0,7.571950840057982
2047,3456,98,Gladiator,7.9,5566.0,7.437398977959171
2055,38798,334533,Captain Fantastic,7.9,1569.0,7.032623083673446
2070,897,62,2001: A Space Odyssey,7.9,3075.0,7.247682292759352
2089,2742,14,American Beauty,7.9,3438.0,7.284468268792963
2101,1179,600,Full Metal Jacket,7.9,2595.0,7.191709375441599
2107,1171,348,Alien,7.9,4564.0,7.376110306256816
2109,1167,1892,Return of the Jedi,7.9,4763.0,7.389541644707588
2116,30315,150540,Inside Out,7.9,6737.0,7.493038439422792
2117,1919,857,Saving Private Ryan,7.9,5148.0,7.413664201082645
2145,13724,14160,Up,7.8,7048.0,7.435485443039744
2176,12083,5915,Into the Wild,7.8,3139.0,7.203343474457528
2190,15,524,Casino,7.8,1343.0,6.956545888120751
2202,40416,324786,Hacksaw Ridge,7.8,3294.0,7.218039447993055
2211,12704,10681,WALL·E,7.8,6439.0,7.411964637234615
2216,13187,13223,Gran Torino,7.8,3181.0,7.207398421718495
2231,14825,11324,Shutter Island,7.8,6559.0,7.416836393201539
2258,1100,762,Monty Python and the Holy Grail,7.8,1742.0,7.027530530736195
2263,1650,115,The Big Lebowski,7.8,3001.0,7.18962037437005
2270,1604,37165,The Truman Show,7.8,4702.0,7.3244412733697315
2302,1859,2108,The Breakfast Club,7.8,2189.0,7.094086786087182
2304,758,627,Trainspotting,7.8,2737.0,7.1615275882531915
2326,41540,381284,Hidden Figures,7.8,2178.0,7.092586873907727
2354,24982,266856,The Theory of Everything,7.8,3403.0,7.227947867263403
2360,24455,177572,Big Hero 6,7.8,6289.0,7.405697916259722
2373,10545,4348,Pride & Prejudice,7.8,1406.0,6.968608909471124
2386,1186,703,Annie Hall,7.8,1044.0,6.894168252837077
2389,1182,279,Amadeus,7.8,1107.0,6.908066791578252
2410,1214,235,Stand by Me,7.8,1568.0,6.998099900639436
2417,33041,314365,Spotlight,7.8,2751.0,7.163082129777444
2426,21460,122906,About Time,7.8,2140.0,7.0873559537303565
2432,881,213,North by Northwest,7.8,1062.0,6.898183266737332
2444,2175,1091,The Thing,7.8,1629.0,7.00866945683239
2464,20051,68718,Django Unchained,7.8,10297.0,7.524557930672405
2509,4843,194,Amélie,7.8,3403.0,7.227947867263403
2530,7834,11036,The Notebook,7.7,3163.0,7.154336618990636
2549,9522,70,Million Dollar Baby,7.7,2519.0,7.090652817365042
2561,24465,200727,"Love, Rosie",7.7,1660.0,6.978304839283173
2575,19460,84892,The Perks of Being a Wallflower,7.7,3056.0,7.144694012587994
2593,13137,14574,The Boy in the Striped Pyjamas,7.7,1492.0,6.951307558721956
2608,21611,96721,Rush,7.7,2310.0,7.066664578304822
2639,9647,613,Downfall,7.7,1059.0,6.8714199719616325
2660,11138,1402,The Pursuit of Happyness,7.7,2607.0,7.10021802465578
2701,5851,640,Catch Me If You Can,7.7,3917.0,7.213826235717221
2717,4865,453,A Beautiful Mind,7.7,3087.0,7.147522551137086
2726,4748,141,Donnie Darko,7.7,3574.0,7.188456145781273
2728,4718,1018,Mulholland Drive,7.7,1517.0,6.9554522245837695
2745,32372,277216,Straight Outta Compton,7.7,1381.0,6.932333846169019
2758,14625,28178,Hachi: A Dog's Tale,7.7,1769.0,6.9948033234522455
2768,7271,393,Kill Bill: Vol. 2,7.7,4061.0,7.223742527793243
2779,17828,59440,Warrior,7.7,1297.0,6.917323614110871
2794,7725,673,Harry Potter and the Prisoner of Azkaban,7.7,6037.0,7.327890908169578
2816,36253,269149,Zootopia,7.7,4961.0,7.277590734449787
2824,10839,752,V for Vendetta,7.7,4562.0,7.255299860629586
2841,12170,6977,No Country for Old Men,7.7,3083.0,7.147159198655098
2857,3886,107,Snatch,7.7,2953.0,7.135084382765508
2861,6725,24,Kill Bill: Vol. 1,7.7,5091.0,7.284378522400533
2865,0,862,Toy Story,7.7,5415.0,7.30038296246973
2872,1048,583,Life of Brian,7.7,1230.0,6.904923680827691
2891,582,280,Terminator 2: Judgment Day,7.7,4274.0,7.237690395465462
2946,600,275,Fargo,7.7,2080.0,7.037984297345995
2947,2647,745,The Sixth Sense,7.7,3223.0,7.159598560948297
2948,1544,2118,L.A. Confidential,7.7,1340.0,6.925080029089722
2967,5,949,Heat,7.7,1886.0,7.01169339738389
2968,1221,33,Unforgiven,7.7,1133.0,6.886259014090103
2976,108,197,Braveheart,7.7,3404.0,7.1748746284898175
2987,1156,85,Raiders of the Lost Ark,7.7,3949.0,7.216065377982197
2990,1158,679,Aliens,7.7,3282.0,7.164674772523532
2998,23465,137113,Edge of Tomorrow,7.6,4979.0,7.216134651067975
3005,21792,109424,Captain Phillips,7.6,2495.0,7.042577765966564
3018,6994,587,Big Fish,7.6,2064.0,6.995125863365654
3033,28131,273248,The Hateful Eight,7.6,4405.0,7.186375235848231
3063,2646,10386,The Iron Giant,7.6,1470.0,6.914728629720362
3065,42170,263115,Logan,7.6,6310.0,7.271019684844806
3074,3378,1700,Misery,7.6,1085.0,6.850127876155804
3082,23557,82702,How to Train Your Dragon 2,7.6,3163.0,7.103005882216861
3087,546,9479,The Nightmare Before Christmas,7.6,2135.0,7.0034908933035265
3101,36223,296096,Me Before You,7.6,2674.0,7.060166093111281
3104,6721,322,Mystic River,7.6,1473.0,6.915188337705792
3108,23512,222935,The Fault in Our Stars,7.6,3868.0,7.154029743151346
3135,22059,57158,The Hobbit: The Desolation of Smaug,7.6,4633.0,7.198731950500564
3144,503,9800,Philadelphia,7.6,1019.0,6.837810414688976
3183,13622,17431,Moon,7.6,1831.0,6.965946634828219
3189,23053,100402,Captain America: The Winter Soldier,7.6,5881.0,7.255126379078863
3199,24445,242582,Nightcrawler,7.6,3475.0,7.126957405965447
3204,24482,264660,Ex Machina,7.6,4862.0,7.210421351764445
3224,1246,89,Indiana Jones and the Last Crusade,7.6,3221.0,7.107640232511303
3233,475,329,Jurassic Park,7.6,4956.0,7.215024795250824
3235,1155,2493,The Princess Bride,7.6,1518.0,6.9220106810317255
3245,26566,283995,Guardians of the Galaxy Vol. 2,7.6,4858.0,7.210223017210169
3251,18252,49026,The Dark Knight Rises,7.6,9263.0,7.3502464725346845
3262,25534,207703,Kingsman: The Secret Service,7.6,6069.0,7.262276383570832
3269,583,581,Dances with Wolves,7.6,1084.0,6.849944219010606
3301,11308,1417,Pan's Labyrinth,7.6,3122.0,7.099676890413381
3312,19016,83666,Moonrise Kingdom,7.6,1701.0,6.948408988557512
3321,13060,12405,Slumdog Millionaire,7.6,2918.0,7.08242728514793
3373,6232,12,Finding Nemo,7.6,6292.0,7.270382331957841
3381,16129,45269,The King's Speech,7.6,2817.0,7.073439175760025
3392,1798,10674,Mulan,7.6,2089.0,6.998097925750846
3399,2085,117,The Untouchables,7.6,1424.0,6.907601683522564
3416,30051,286217,The Martian,7.6,7442.0,7.306687314071478
3431,15348,10193,Toy Story 3,7.6,4710.0,7.2027399463251145
3443,1852,380,Rain Man,7.6,1762.0,6.9567574556228315
3469,875,164,Breakfast at Tiffany's,7.6,1082.0,6.849576634702354
3513,25199,284293,Still Alice,7.5,1126.0,6.8302841809018915
3532,1338,578,Jaws,7.5,2628.0,7.009049626127652
3533,1888,9552,The Exorcist,7.5,2046.0,6.95241273463237
3538,41127,334541,Manchester by the Sea,7.5,1553.0,6.8931068203471675
3544,44678,374720,Dunkirk,7.5,2712.0,7.016270748769095
3595,23743,244267,I Origins,7.5,1089.0,6.824222662969742
3602,8147,747,Shaun of the Dead,7.5,2479.0,6.995695919353834
3658,11567,2062,Ratatouille,7.5,4510.0,7.132097782157452
3659,2429,100,"Lock, Stock and Two Smoking Barrels",7.5,1671.0,6.908441594479722
3695,4766,671,Harry Potter and the Philosopher's Stone,7.5,7188.0,7.228813413784264
3703,4756,585,"Monsters, Inc.",7.5,6150.0,7.198045933568729
3724,1575,782,Gattaca,7.5,1846.0,6.929808513151765
3727,11073,773,Little Miss Sunshine,7.5,1728.0,6.915574835248637
3735,16128,12444,Harry Potter and the Deathly Hallows: Part 1,7.5,5708.0,7.182717611831895
3749,6390,22,Pirates of the Caribbean: The Curse of the Black Pearl,7.5,7191.0,7.228893252818479
3757,1551,2649,The Game,7.5,1556.0,6.893506530454513
3779,2178,162,Edward Scissorhands,7.5,3731.0,7.089512963777163
3781,4936,10229,A Walk to Remember,7.5,1057.0,6.818891086346229
3821,1639,597,Titanic,7.5,7770.0,7.24346942577958
3902,1845,1366,Rocky,7.5,1843.0,6.929455234659294
3913,14984,10191,How to Train Your Dragon,7.5,4319.0,7.12249552421704
3917,14378,10315,Fantastic Mr. Fox,7.5,1206.0,6.843025504451914
3965,26555,140607,Star Wars: The Force Awakens,7.5,7993.0,7.248673785136491
4026,10122,272,Batman Begins,7.5,7511.0,7.237147692314015
4052,10554,674,Harry Potter and the Goblet of Fire,7.5,5758.0,7.184529204775643
4097,22718,137106,The Lego Movie,7.5,3127.0,7.04904052337909
4104,10450,142,Brokeback Mountain,7.5,1531.0,6.8901594362517224
4107,588,10020,Beauty and the Beast,7.5,3029.0,7.041709065398193
4114,1058,792,Platoon,7.5,1236.0,6.847679396982361
4148,13198,11321,Seven Pounds,7.5,2092.0,6.957360488355981
4176,2802,9377,Ferris Bueller's Day Off,7.5,1340.0,6.863314645360752
4199,3897,8358,Cast Away,7.5,3304.0,7.061704306872967
4226,23359,127585,X-Men: Days of Future Past,7.5,6155.0,7.198210863690223
4233,1177,525,The Blues Brothers,7.5,1092.0,6.824718222004474
4264,13286,14756,Ip Man,7.5,1309.0,6.8587331119360035
4268,1007,562,Die Hard,7.5,4005.0,7.105571422932653
4317,23594,85350,Boyhood,7.5,2008.0,6.948256889598623
4346,22043,203833,The Book Thief,7.4,1528.0,6.8560022633576985
4379,12049,4347,Atonement,7.4,1075.0,6.795513560682451
4409,999,433,Mary Poppins,7.4,1217.0,6.8158733980598445
4428,12588,1726,Iron Man,7.4,8951.0,7.1939181796000256
4439,20922,54138,Star Trek Into Darkness,7.4,4479.0,7.070676951888246
4477,31,63,Twelve Monkeys,7.4,2470.0,6.94970236720064
4478,892,630,The Wizard of Oz,7.4,1689.0,6.874684779483853
4502,11353,9693,Children of Men,7.4,2120.0,6.9189142891620055
4511,16130,38757,Tangled,7.4,3419.0,7.01628579716739
4534,32757,306819,The Danish Girl,7.4,1689.0,6.874684779483853
4544,1610,9444,Anastasia,7.4,1481.0,6.850295144245603
4554,21276,138843,The Conjuring,7.4,3169.0,7.0007331786997895
4557,29463,293863,The Age of Adaline,7.4,2052.0,6.912437585868206
4582,11437,1372,Blood Diamond,7.4,2344.0,6.939083332625923
4593,4849,9428,The Royal Tenenbaums,7.4,1317.0,6.8294073786423315
4594,22058,101299,The Hunger Games: Catching Fire,7.4,6656.0,7.144932392151249
4620,11927,675,Harry Potter and the Order of the Phoenix,7.4,5633.0,7.114703689321166
4643,10240,16320,Serenity,7.4,1287.0,6.825413496551635
4683,4180,824,Moulin Rouge!,7.4,1348.0,6.83347647716133
4694,2389,1542,Office Space,7.4,1068.0,6.794473136518393
4739,17439,64690,Drive,7.4,3832.0,7.039485030920847
4760,13643,13475,Star Trek,7.4,4574.0,7.0748081666737495
4762,11617,4638,Hot Fuzz,7.4,2252.0,6.931007854926738
4799,1220,137,Groundhog Day,7.4,2358.0,6.940287893638287
4805,1195,218,The Terminator,7.4,4208.0,7.058293637605149
4806,12368,8321,In Bruges,7.4,1414.0,6.841949296673533
4807,23561,194662,Birdman,7.4,4657.0,7.07833362672679
4813,8234,9806,The Incredibles,7.4,5290.0,7.102898087371251
4822,24366,228150,Fury,7.4,4028.0,7.049540664041597
4829,5678,672,Harry Potter and the Chamber of Secrets,7.4,5966.0,7.125300864051345
4854,13893,767,Harry Potter and the Half-Blood Prince,7.4,5435.0,7.108005957578883
4860,17818,24428,The Avengers,7.4,12000.0,7.235810537117162
4864,24241,190859,American Sniper,7.4,4600.0,7.075920811451547
4865,4112,4133,Blow,7.4,1352.0,6.83399729860269
4876,1896,9340,The Goonies,7.4,1563.0,6.86017585405969
4901,1902,165,Back to the Future Part II,7.4,3926.0,7.044378663714124
4907,12165,4982,American Gangster,7.4,1527.0,6.855882069425608
4911,17125,59436,Midnight in Paris,7.4,2049.0,6.912147830075337
4931,26564,293660,Deadpool,7.4,11444.0,7.2294898737257025
4942,41489,330459,Rogue One: A Star Wars Story,7.4,5111.0,7.096340597561072
4954,22206,193756,Lone Survivor,7.4,1549.0,6.858514126257763
4965,1873,948,Halloween,7.4,1066.0,6.794175214322339
4967,4591,1933,The Others,7.4,1708.0,6.876805236078246
4994,581,812,Aladdin,7.4,3495.0,7.020776446907962
5010,13507,15472,The Girl with the Dragon Tattoo,7.4,1020.0,6.787241166016497
5015,1409,9366,Donnie Brasco,7.4,1175.0,6.8099957465788945
5016,10881,186,Lucky Number Slevin,7.4,1356.0,6.834517163311206
5069,29865,258480,Carol,7.3,1014.0,6.761057125895914
5095,29438,228205,The Longest Ride,7.3,1083.0,6.770167135281799
5099,11404,36557,Casino Royale,7.3,3930.0,6.987865817032804
5135,19384,114150,Pitch Perfect,7.3,2310.0,6.892620502207629
5153,41457,277834,Moana,7.3,3471.0,6.965722140064962
5156,11646,1949,Zodiac,7.3,2080.0,6.874172523374741
5168,16066,44214,Black Swan,7.3,4562.0,7.0139561230287395
5181,25393,227306,Unbroken,7.3,1437.0,6.812448657849482
5184,10843,388,Inside Man,7.3,1671.0,6.83687842531484
5188,1065,601,E.T. the Extra-Terrestrial,7.3,3359.0,6.959833634196335
5201,18795,94329,The Raid,7.3,1076.0,6.769256992937498
5248,22224,140823,Saving Mr. Banks,7.3,1256.0,6.791709106044724
5278,1460,18,The Fifth Element,7.3,3962.0,6.989300710561745
5294,24315,206487,Predestination,7.3,1971.0,6.864833449943723
5295,17857,74643,The Artist,7.3,1075.0,6.769126717285299
5312,23692,119450,Dawn of the Planet of the Apes,7.3,4511.0,7.012013614676471
5321,23422,198277,Begin Again,7.3,1285.0,6.795149917418371
5323,8223,4553,The Machinist,7.3,1280.0,6.794560001453682
5328,23962,249164,If I Stay,7.3,1415.0,6.810018633035863
5387,7278,9509,Man on Fire,7.3,1583.0,6.827983903583654
5400,21025,75656,Now You See Me,7.3,5635.0,7.049504545543236
5407,6562,153,Lost in Translation,7.3,1943.0,6.862367917082214
5428,1647,184,Jackie Brown,7.3,1580.0,6.827674655212994
5452,28830,168259,Furious 7,7.3,4253.0,7.001768097934405
5472,20910,64682,The Great Gatsby,7.3,3885.0,6.985825427980869
5479,11296,1579,Apocalypto,7.3,1252.0,6.791230827151329
5514,7101,1954,The Butterfly Effect,7.3,2119.0,6.877417398636245
5518,22110,109445,Frozen,7.3,5440.0,7.0437163462756605
5525,1495,11970,Hercules,7.3,1741.0,6.843717773464199
5536,26553,76341,Mad Max: Fury Road,7.3,9629.0,7.12873156843683
5537,26558,99861,Avengers: Age of Ultron,7.3,6908.0,7.081691959848623
5589,6991,616,The Last Samurai,7.3,1946.0,6.862633416829182
5595,21592,49047,Gravity,7.3,5879.0,7.056389079321953
5614,31865,281957,The Revenant,7.3,6558.0,7.073697001801853
5635,4178,808,Shrek,7.3,4183.0,6.998861354249555
5642,31953,307081,Southpaw,7.3,2112.0,6.876838631622052
5657,35110,318846,The Big Short,7.3,2679.0,6.919095147273741
5695,2459,4951,10 Things I Hate About You,7.3,1768.0,6.846302128428845
5731,13057,3580,Changeling,7.3,1151.0,6.778848734028989
5744,11965,2503,The Bourne Ultimatum,7.3,2938.0,6.935712017217501
5754,13966,17654,District 9,7.3,3451.0,6.964685619569039
5759,5284,2501,The Bourne Identity,7.3,3640.0,6.9742313972315575
5797,2997,863,Toy Story 2,7.3,3914.0,6.987143388719847
5807,13371,14836,Coraline,7.3,1432.0,6.811898498357099
5816,5330,4147,Road to Perdition,7.3,1102.0,6.7726218596001715
5850,13204,12163,The Wrestler,7.3,1031.0,6.763330582188661
5867,39962,376867,Moonlight,7.3,1831.0,6.852219926753685
5898,13219,4922,The Curious Case of Benjamin Button,7.3,3398.0,6.961907495110255
5901,2881,492,Being John Malkovich,7.3,1124.0,6.77543590740245
5930,3902,134,"O Brother, Where Art Thou?",7.3,1144.0,6.777968198460126
5942,2601,620,Ghostbusters,7.3,2431.0,6.901698387885875
5975,4646,2034,Training Day,7.3,1665.0,6.836282642843118
5976,147,568,Apollo 13,7.3,1637.0,6.833481934042343
5986,3413,1359,American Psycho,7.3,2128.0,6.878159205426234
5999,3406,106,Predator,7.3,2129.0,6.878241467671666
6014,34502,312221,Creed,7.3,1963.0,6.864131851314047
6057,16278,44264,True Grit,7.2,1701.0,6.803643031110703
6090,39663,338766,Hell or High Water,7.2,1304.0,6.76707465633751
6148,42169,419430,Get Out,7.2,2978.0,6.88832562258998
6151,14465,22881,The Blind Side,7.2,1626.0,6.797215620804391
6158,14301,22803,Law Abiding Citizen,7.2,1522.0,6.78795006552097
6164,3351,840,Close Encounters of the Third Kind,7.2,1122.0,6.747954925071658
6171,21745,152584,Blue Is the Warmest Color,7.2,1114.0,6.747075673771045
6196,1567,1813,The Devil's Advocate,7.2,1414.0,6.777865906689396
6197,14236,19908,Zombieland,7.2,3655.0,6.920036406104645
6218,40598,329865,Arrival,7.2,5729.0,6.986563043792427
6221,21446,132363,The Butler,7.2,1134.0,6.749267419845223
6233,12595,8681,Taken,7.2,4444.0,6.949714126860178
6237,1512,686,Contact,7.2,1338.0,6.7704685834033445
6241,452,5503,The Fugitive,7.2,1240.0,6.7605383925973825
6260,12101,4771,Gone Baby Gone,7.2,1034.0,6.7380913082619145
6285,41976,324849,The Lego Batman Movie,7.2,1473.0,6.783435207115453
6298,4880,855,Black Hawk Down,7.2,1832.0,6.814390860322977
6301,27819,167073,Brooklyn,7.2,1235.0,6.760019425181932
6316,10385,3933,Corpse Bride,7.2,1957.0,6.824116675992798
6324,11955,2270,Stardust,7.2,1215.0,6.7579312402041545
6331,33356,297762,Wonder Woman,7.2,5025.0,6.967836770466139
6339,33369,296098,Bridge of Spies,7.2,2633.0,6.869233353377185
6347,4833,161,Ocean's Eleven,7.2,3857.0,6.928285041747419
6394,14551,19995,Avatar,7.2,12114.0,7.076736733025892
6395,2290,1368,First Blood,7.2,1523.0,6.788041186691797
6400,18293,65754,The Girl with the Dragon Tattoo,7.2,2479.0,6.859934692628752
6416,24357,205587,The Judge,7.2,1433.0,6.779675597071368
6445,19735,87827,Life of Pi,7.2,5912.0,6.9909462738435995
6469,23379,212778,Chef,7.2,1203.0,6.756668787772561
6485,7938,2502,The Bourne Supremacy,7.2,2873.0,6.8827524261274355
6500,20062,82695,Les Misérables,7.2,1925.0,6.821673892408674
6515,19455,77016,End of Watch,7.2,1186.0,6.7548679202438
6544,13746,18785,The Hangover,7.2,6324.0,7.000184730904248
6556,2831,658,Goldfinger,7.2,1005.0,6.734745815739337
6561,31954,273481,Sicario,7.2,2465.0,6.8590633686347555
6577,4096,853,Enemy at the Gates,7.2,1023.0,6.7368280075137505
6581,8243,866,Finding Neverland,7.2,1269.0,6.7635244250750475
6585,15609,22538,Scott Pilgrim vs. the World,7.2,2185.0,6.840648581446818
6586,13874,19913,(500) Days of Summer,7.2,2993.0,6.889105848835164
6603,8230,176,Saw,7.2,2255.0,6.845436285919357
6619,10014,1640,Crash,7.2,1172.0,6.753373830309352
6634,1775,1878,Fear and Loathing in Las Vegas,7.2,1321.0,6.768778297736182
6652,16144,45317,The Fighter,7.2,1512.0,6.787036631837799
6654,35353,340666,Nocturnal Animals,7.2,1990.0,6.8266029757908
6658,30401,259316,Fantastic Beasts and Where to Find Them,7.2,5612.0,6.983663017793555
6687,1972,10144,The Little Mermaid,7.2,1921.0,6.821366310207377
6690,2871,856,Who Framed Roger Rabbit,7.2,1466.0,6.782782138011266
6707,1331,621,Grease,7.2,1633.0,6.797824319132191
6715,13817,12162,The Hurt Locker,7.2,1881.0,6.818262755373013
6742,249,628,Interview with the Vampire,7.2,1558.0,6.791205232876959
6749,9888,187,Sin City,7.2,2755.0,6.87624648005219
6769,43644,339403,Baby Driver,7.2,2083.0,6.833436097249175
6780,10585,116,Match Point,7.2,1134.0,6.749267419845223
6804,1299,377,A Nightmare on Elm Street,7.2,1212.0,6.757616301643387
6817,3891,11688,The Emperor's New Groove,7.2,1544.0,6.789945464719414
6890,26568,284052,Doctor Strange,7.1,5880.0,6.923969168399629
6891,26567,271110,Captain America: Civil War,7.1,7462.0,6.950590024492907
6907,23555,156022,The Equalizer,7.1,2997.0,6.839329927655154
6920,39463,328387,Nerve,7.1,2262.0,6.802912420874415
6932,608,10112,The Aristocats,7.1,1287.0,6.735329502151261
6937,23472,177677,Mission: Impossible - Rogue Nation,7.1,3274.0,6.850840466478607
6949,1291,6114,Dracula,7.1,1087.0,6.717479746994689
6958,1056,88,Dirty Dancing,7.1,1371.0,6.742339186778102
6971,2342,9426,The Fly,7.1,1038.0,6.712836820961185
6975,17217,49538,X-Men: First Class,7.1,5252.0,6.910571112134323
6994,25390,122917,The Hobbit: The Battle of the Five Armies,7.1,4884.0,6.9017280535608645
7018,2597,345,Eyes Wide Shut,7.1,1266.0,6.7335339381524735
7043,7830,594,The Terminal,7.1,1974.0,6.785707268493928
7104,17052,51497,Fast Five,7.1,2491.0,6.815304598582934
7117,3744,37136,The Naked Gun: From the Files of Police Squad!,7.1,1020.0,6.711102823145136
7152,2572,37135,Tarzan,7.1,1715.0,6.768439169753988
7153,579,771,Home Alone,7.1,2487.0,6.815097018997504
7228,6353,170,28 Days Later,7.1,1816.0,6.775394028290822
7232,11377,1427,Perfume: The Story of a Murderer,7.1,1198.0,6.727596437031284
7242,15017,23483,Kick-Ass,7.1,4747.0,6.898221307283799
7245,6185,2832,Identity,7.1,1090.0,6.717760392814943
7258,2800,861,Total Recall,7.1,1745.0,6.7705358866400305
7304,11201,1491,The Illusionist,7.1,1657.0,6.764308901679619
7334,5084,425,Ice Age,7.1,3954.0,6.875208147018597
7401,1914,242,The Godfather: Part III,7.1,1589.0,6.759333532306082
7402,19590,68734,Argo,7.1,3473.0,6.858501583161357
7411,5818,3131,Gangs of New York,7.1,1964.0,6.7850739968205325
7416,31444,203801,The Man from U.N.C.L.E.,7.1,2306.0,6.805376483736156
7430,1969,9325,The Jungle Book,7.1,1791.0,6.773699842634718
7435,2869,5548,RoboCop,7.1,1494.0,6.752130479906588
7451,15472,20352,Despicable Me,7.1,6595.0,6.937087997312936
7463,32117,257211,The Intern,7.1,1926.0,6.782644110907675
7486,2065,4011,Beetlejuice,7.1,1475.0,6.750653161873112
7491,10069,1895,Star Wars: Episode III - Revenge of the Sith,7.1,4200.0,6.882889602197569
7496,5310,11544,Lilo & Stitch,7.1,1371.0,6.742339186778102
7497,5311,180,Minority Report,7.1,2663.0,6.8239530636206815
7517,19726,82690,Wreck-It Ralph,7.1,4656.0,6.895822631772737
7524,1903,196,Back to the Future Part III,7.1,2978.0,6.838501296004736
7525,2006,87,Indiana Jones and the Temple of Doom,7.1,2841.0,6.832366822982928
7534,19825,81188,Rise of the Guardians,7.1,1981.0,6.786149045425764
7540,15798,37799,The Social Network,7.1,3492.0,6.8592084803913576
7595,16833,45612,Source Code,7.1,2752.0,6.828225047160546
7664,16572,51876,Limitless,7.1,3888.0,6.873053905360868
7681,2676,813,Airplane!,7.1,1104.0,6.719064646897467
7713,39475,363676,Sully,7.0,2106.0,6.752580263706229
7742,10336,1830,Lord of War,7.0,1356.0,6.709970665033365
7764,19731,82693,Silver Linings Playbook,7.0,4840.0,6.8388725916852025
7873,2917,11886,Robin Hood,7.0,1155.0,6.695936987534979
7928,18525,72570,The Vow,7.0,1328.0,6.708093886346269
7935,12815,13183,Watchmen,7.0,2892.0,6.785591961673791
7960,2556,509,Notting Hill,7.0,1309.0,6.706806463839439
7994,21349,160588,Blue Jasmine,7.0,1126.0,6.6937993324170435
8029,18155,57212,War Horse,7.0,1016.0,6.685410273031209
8055,39097,259693,The Conjuring 2,7.0,2018.0,6.748240431776022
8113,20850,103731,Mud,7.0,1080.0,6.690346223638222
8130,22167,116745,The Secret Life of Walter Mitty,7.0,3213.0,6.796671321027093
8141,18258,58574,Sherlock Holmes: A Game of Shadows,7.0,3971.0,6.818783679515108
8149,38305,302401,Snowden,7.0,1285.0,6.705163923020612
8222,21101,62211,Monsters University,7.0,3622.0,6.80923157320953
8236,19971,49051,The Hobbit: An Unexpected Journey,7.0,8427.0,6.8894558241047
8249,21161,93456,Despicable Me 2,7.0,4729.0,6.83655826167447
8261,20060,80278,The Impossible,7.0,2071.0,6.750872237913274
8292,38501,290250,The Nice Guys,7.0,2382.0,6.765270813272682
8295,18092,44826,Hugo,7.0,2197.0,6.756913442305678
8314,1003,12092,Alice in Wonderland,7.0,1557.0,6.722766076870128
8317,590,114,Pretty Woman,7.0,1807.0,6.737187317149459
8356,9542,2567,The Aviator,7.0,1526.0,6.720866794744818
8360,585,268,Batman,7.0,2145.0,6.754456113184352
8434,14494,22954,Invictus,7.0,1150.0,6.695570558259894
8479,1891,941,Lethal Weapon,7.0,1367.0,6.7107013848420305
8492,14557,10528,Sherlock Holmes,7.0,5883.0,6.857793542695374
8504,11985,8363,Superbad,7.0,2152.0,6.754789797363678
8519,6791,508,Love Actually,7.0,1917.0,6.743067991501282
8529,11008,58,Pirates of the Caribbean: Dead Man's Chest,7.0,5380.0,6.849256742597005
8530,11007,350,The Devil Wears Prada,7.0,3198.0,6.79617915866069
8594,26562,102899,Ant-Man,7.0,6029.0,6.8600932926695055
8613,11537,1265,Bridge to Terabithia,7.0,1146.0,6.695276778340242
8636,11732,1272,Sunshine,7.0,1210.0,6.699910250943288
8759,16057,44115,127 Hours,7.0,2668.0,6.777117036566138
8763,2052,34584,The NeverEnding Story,7.0,1031.0,6.686581202536055
8839,15807,23168,The Town,7.0,1516.0,6.720248559517232
8952,41492,381288,Split,7.0,4461.0,6.830686628179666
9006,24351,245891,John Wick,7.0,5499.0,6.851367644883538
9007,17588,61791,Rise of the Planet of the Apes,7.0,4452.0,6.830482115987156
9012,12298,6023,P.S. I Love You,7.0,1011.0,6.685018016513791
9047,8071,1538,Collateral,7.0,1476.0,6.717747987982191
9092,12254,7350,The Bucket List,7.0,1138.0,6.694687514193934
9094,17454,51828,One Day,7.0,1006.0,6.684624780579352
9104,17447,50646,"Crazy, Stupid, Love.",7.0,2522.0,6.771223011450879
9130,12277,13885,Sweeney Todd: The Demon Barber of Fleet Street,7.0,1745.0,6.733752581412375
9151,24121,198663,The Maze Runner,7.0,5540.0,6.852081302988676
9185,1978,10693,Peter Pan,7.0,1380.0,6.7115602297831245
9188,23437,102651,Maleficent,7.0,4607.0,6.833936661348974
9204,17848,40807,50/50,7.0,1287.0,6.705301504017803
9231,23553,187017,22 Jump Street,7.0,3375.0,6.801839072202746
9271,17758,60308,Moneyball,7.0,1409.0,6.713457859850341
9286,11662,1271,300,7.0,5092.0,6.843891020420258
9511,1356,4232,Scream,7.0,1520.0,6.7204961819474
9512,12230,7326,Juno,7.0,2313.0,6.762221808399907
9583,495,788,Mrs. Doubtfire,7.0,1638.0,6.7276088518913735
9638,19261,37724,Skyfall,6.9,7718.0,6.810126177682216
9646,11692,7485,Shooter,6.9,1495.0,6.685674732136249
9658,18244,70160,The Hunger Games,6.9,9634.0,6.823757005162694
9678,12217,6479,I Am Legend,6.9,4977.0,6.779240502284392
9701,13258,14306,Marley & Me,6.9,1392.0,6.680647289050399
9724,589,10895,Pinocchio,6.9,1412.0,6.681641860399072
9752,10550,9392,The Descent,6.9,1029.0,6.66087940571507
9766,587,408,Snow White and the Seven Dwarfs,6.9,1973.0,6.706279615088556
9779,69,755,From Dusk Till Dawn,6.9,1644.0,6.69255271294859
9786,580,251,Ghost,6.9,1381.0,6.680096403246644
9803,162,1572,Die Hard: With a Vengeance,6.9,2094.0,6.710882043239801
9851,11827,285,Pirates of the Caribbean: At World's End,6.9,4627.0,6.773698170236074
9864,11087,1164,Babel,6.9,1083.0,6.6640426864821904
9866,12648,9502,Kung Fu Panda,6.9,3231.0,6.745396829248845
9883,12042,5176,3:10 to Yuma,6.9,1210.0,6.6711623298218825
9921,11959,35,The Simpsons Movie,6.9,2335.0,6.719426742823454
10036,2121,431,Cube,6.9,1101.0,6.665078596639098
10063,2227,297,Meet Joe Black,6.9,1174.0,6.669188173069807
10068,1,8844,Jumanji,6.9,2413.0,6.722029239878106
10076,22525,157350,Divergent,6.9,4784.0,6.776245952231827
10122,23467,262391,Serial (Bad) Weddings,6.9,1114.0,6.665821115054779
10174,6740,10009,Brother Bear,6.9,1410.0,6.681542809303766
10194,30134,238713,Spy,6.9,2590.0,6.727665458260924
10218,1894,927,Gremlins,6.9,1629.0,6.691880347065753
10299,31484,285783,The Walk,6.9,1151.0,6.6679089749928435
10306,7291,652,Troy,6.9,2841.0,6.7350723024349834
10309,7284,10625,Mean Girls,6.9,2401.0,6.721633749300056
10345,41280,345920,Collateral Beauty,6.9,1553.0,6.6884055901186965
10351,5765,7299,Equilibrium,6.9,1584.0,6.689836841854747
10373,1508,607,Men in Black,6.9,4521.0,6.771917851890999
10377,1971,10340,Lady and the Tramp,6.9,1241.0,6.672835435429317
10450,3869,9741,Unbreakable,6.9,1994.0,6.70709438137799
10484,2526,1924,Superman,6.9,1042.0,6.661648662761768
10524,716,9802,The Rock,6.9,1474.0,6.684668510221396
10528,2964,2668,Sleepy Hollow,6.9,1774.0,6.69820285904469
10549,2682,2280,Big,6.9,1022.0,6.6604631301219355
10613,40028,302946,The Accountant,6.9,2121.0,6.711879344964903
10671,1909,3170,Bambi,6.8,1450.0,6.650915317199439
10672,13059,20766,The Road,6.8,1113.0,6.638697044314276
10689,38176,127380,Finding Dory,6.8,4333.0,6.709536585681983
10693,1987,10882,Sleeping Beauty,6.8,1332.0,6.646853439441307
10711,5672,65,8 Mile,6.8,1676.0,6.658122405608621
10715,1976,12230,One Hundred and One Dalmatians,6.8,1643.0,6.657113797117687
10733,30942,321697,Steve Jobs,6.8,1608.0,6.656028271374061
10814,4242,644,A.I. Artificial Intelligence,6.8,2011.0,6.667609230782496
10870,28795,228161,Home,6.8,1539.0,6.65383919044079
10886,29799,254470,Pitch Perfect 2,6.8,1997.0,6.66723823983593
10926,6195,36658,X2,6.8,3572.0,6.699059845719114
10978,2160,2109,Rush Hour,6.8,1254.0,6.644044732240842
11057,36251,333371,10 Cloverfield Lane,6.8,2537.0,6.680188267019563
11070,40596,258230,A Monster Calls,6.8,1023.0,6.635087579865814
11081,2242,9487,A Bug's Life,6.8,2379.0,6.676668323953199
11160,39539,308266,War Dogs,6.8,1392.0,6.648946082036051
11230,3631,2024,The Patriot,6.8,1130.0,6.6393611640155745
11242,5215,557,Spider-Man,6.8,5398.0,6.7210101519852685
11250,3671,36657,X-Men,6.8,4172.0,6.70750554263287
11303,5254,320,Insomnia,6.8,1181.0,6.641321111535958
11403,22899,225574,Non-Stop,6.8,2302.0,6.67487686214305
11468,25501,87093,Big Eyes,6.8,1236.0,6.643381876321204
11533,22166,168672,American Hustle,6.8,2868.0,6.6869477153946315
11567,43255,337339,The Fate of the Furious,6.8,3803.0,6.702487833904779
11607,19340,82633,Lawless,6.8,1055.0,6.636389305925087
11617,19561,82507,Sinister,6.8,1611.0,6.656121962303753
11628,763,10545,The Hunchback of Notre Dame,6.8,1182.0,6.641359063913011
11642,19569,76492,Hotel Transylvania,6.8,2622.0,6.682000043803647
11646,20550,49519,The Croods,6.8,2447.0,6.678208271432299
11669,21407,138832,We're the Millers,6.8,3053.0,6.690403543658345
11675,18289,56292,Mission: Impossible - Ghost Protocol,6.8,4026.0,6.705583237896128
11690,1000,11360,Dumbo,6.8,1206.0,6.642264505640975
11696,21941,76338,Thor: The Dark World,6.8,4873.0,6.715742155261726
11698,993,11224,Cinderella,6.8,1760.0,6.660626653965182
11707,20830,68721,Iron Man 3,6.8,8951.0,6.7444955854577655
11724,20663,97367,The Place Beyond the Pines,6.8,1689.0,6.65851583750433
11734,21219,157386,The Spectacular Now,6.8,1074.0,6.637152527920526
11765,16884,49018,Insidious,6.8,1775.0,6.661064567704294
11767,42222,321612,Beauty and the Beast,6.8,5530.0,6.7222326469949945
11809,1502,754,Face/Off,6.8,1612.0,6.656153165521644
11824,7207,924,Dawn of the Dead,6.8,1039.0,6.635741021847524
11859,27665,272693,The DUFF,6.8,1372.0,6.648254917918166
11868,6714,1584,School of Rock,6.8,1454.0,6.651049235620997
11915,375,36955,True Lies,6.8,1138.0,6.63967180232543
11935,372,1637,Speed,6.8,1814.0,6.662190369046396
11941,41688,335797,Sing,6.8,2363.0,6.676300307016095
11959,21123,68726,Pacific Rim,6.7,4903.0,6.65401445788665
11967,21130,72190,World War Z,6.7,5683.0,6.6581458472955894
11972,21163,107985,The World's End,6.7,1820.0,6.624594780290579
12010,20970,82992,Fast & Furious 6,6.7,5282.0,6.656119097478603
12032,13798,18240,The Proposal,6.7,1858.0,6.625184732596315
12044,38850,291805,Now You See Me 2,6.7,3362.0,6.64287411511088
12051,29916,254320,The Lobster,6.7,1340.0,6.616253110444873
12070,21830,107846,Escape Plan,6.7,1688.0,6.622471142782228
12079,12855,5038,Vicky Cristina Barcelona,6.7,1050.0,6.610254938557743
12110,15814,37735,Easy A,6.7,2282.0,6.6311914876387625
12118,28664,150689,Cinderella,6.7,2426.0,6.633017925570563
12132,16058,38055,Megamind,6.7,1968.0,6.626841603829334
12144,19071,62177,Brave,6.7,4760.0,6.653166934684922
12168,41536,274870,Passengers,6.7,4134.0,6.649056812872606
12186,19799,72976,Lincoln,6.7,1456.0,6.618433725301976
12188,28443,256591,Focus,6.7,2588.0,6.634960129983946
12203,20008,97630,Zero Dark Thirty,6.7,1723.0,6.623045795472322
12228,18723,64688,21 Jump Street,6.7,4151.0,6.649177936534308
12231,19591,86838,Seven Psychopaths,6.7,1224.0,6.613952698607696
12250,13224,2253,Valkyrie,6.7,1195.0,6.61335771249888
12256,39688,300669,Don't Breathe,6.7,1830.0,6.624750931087245
12351,33246,159824,Hotel Transylvania 2,6.7,1528.0,6.619731002036735
12358,31390,278927,The Jungle Book,6.7,2977.0,6.639193816301925
12383,14496,10198,The Princess and the Frog,6.7,1293.0,6.615336031272205
12442,17213,49444,Kung Fu Panda 2,6.7,1925.0,6.6262027307514835
12444,40969,136799,Trolls,6.7,1054.0,6.610343510046953
12487,44274,281338,War for the Planet of the Apes,6.7,1675.0,6.622255508391165
12490,32174,328425,The Gift,6.7,1077.0,6.610849422527061
12523,33022,253412,Everest,6.7,1805.0,6.624359335183245
12567,22300,110415,Snowpiercer,6.7,2910.0,6.6385043571197
12575,35387,140300,Kung Fu Panda 3,6.7,1630.0,6.621499729146749
12593,22658,181886,Enemy,6.7,1326.0,6.615982022247469
12600,18069,17578,The Adventures of Tintin,6.7,2095.0,6.6286655371457215
12642,13948,21208,Orphan,6.7,1296.0,6.615395167920909
12690,14334,22947,Up in the Air,6.7,1246.0,6.614398644574866
12740,17980,49530,In Time,6.7,3512.0,6.644190177579527
12753,42168,324552,John Wick: Chapter 2,6.7,2924.0,6.638649712345147
12817,9536,118,Charlie and the Chocolate Factory,6.7,3759.0,6.646229986123158
12820,7909,558,Spider-Man 2,6.7,4432.0,6.651099750534289
12826,7914,8699,Anchorman: The Legend of Ron Burgundy,6.7,1523.0,6.619642248169019
12828,7917,2048,"I, Robot",6.7,3889.0,6.647244809265434
12833,1598,563,Starship Troopers,6.7,1584.0,6.620711814580036
12839,4238,10865,Atlantis: The Lost Empire,6.7,1257.0,6.614619888679583
12864,9392,11774,Lemony Snicket's A Series of Unfortunate Events,6.7,1521.0,6.6196066916416605
12907,638,954,Mission: Impossible,6.7,2677.0,6.635979958812597
12921,5493,9533,Red Dragon,6.7,1142.0,6.612248791649433
12923,760,602,Independence Day,6.7,3334.0,6.64262154527401
12955,7717,809,Shrek 2,6.7,3082.0,6.640243750406233
12960,1029,454,Romeo + Juliet,6.7,1406.0,6.617507887904722
12970,1069,744,Top Gun,6.7,1736.0,6.6232570741753545
12990,3182,2787,Pitch Black,6.7,1812.0,6.624469392271941
12997,3368,879,Hook,6.7,1563.0,6.620346831701076
13004,9115,9732,The Lion King 2: Simba's Pride,6.7,1034.0,6.609898895665832
13010,2240,9798,Enemy of the State,6.7,1266.0,6.614800057730434
13039,12209,5876,The Mist,6.7,1438.0,6.618102827635859
13078,11869,1991,Death Proof,6.7,1359.0,6.616618229972534
13099,1892,942,Lethal Weapon 2,6.7,1066.0,6.610608178651981
13112,10597,411,"The Chronicles of Narnia: The Lion, the Witch and the Wardrobe",6.7,2709.0,6.636338865840978
13158,11411,1581,The Holiday,6.7,1259.0,6.614659992066769
13183,47,10530,Pocahontas,6.7,1509.0,6.619392689933519
13203,6143,1817,Phone Booth,6.7,1087.0,6.611067607983431
13232,11170,9762,Step Up,6.7,1092.0,6.611176300713836
13278,6221,604,The Matrix Reloaded,6.7,3500.0,6.644087128207463
13296,11925,1858,Transformers,6.6,4113.0,6.59107455655516
13308,11152,1948,Crank,6.6,1172.0,6.584781166679527
13334,14631,20504,The Book of Eli,6.6,2207.0,6.587806808724608
13336,3580,9659,Mad Max,6.6,1235.0,6.5850076160180215
13360,23421,232672,Blended,6.6,1028.0,6.584236962061164
13385,10598,254,King Kong,6.6,2403.0,6.588249212554666
13392,14873,22971,Dear John,6.6,1302.0,6.5852411639665895
13443,3823,1597,Meet the Parents,6.6,1743.0,6.586613717043505
13517,21922,80274,Ender's Game,6.6,2354.0,6.588141648836222
13549,16738,44896,Rango,6.6,2094.0,6.58753627453766
13574,6605,277,Underworld,6.6,2556.0,6.588572861605815
13577,17935,39254,Real Steel,6.6,2749.0,6.5889565494468165
13593,14493,7980,The Lovely Bones,6.6,1101.0,6.584517621029342
13637,14394,17979,A Christmas Carol,6.6,1137.0,6.584652380614194
13688,5132,4547,Panic Room,6.6,1303.0,6.585244594658369
13692,30557,188927,Star Trek Beyond,6.6,2636.0,6.5887350924969486
13758,16209,43347,Love & Other Drugs,6.6,1268.0,6.585123563679471
13774,30396,131634,The Hunger Games: Mockingjay - Part 2,6.6,4117.0,6.591079573667834
13780,24873,131631,The Hunger Games: Mockingjay - Part 1,6.6,5767.0,6.59275864091037
13795,26031,270303,It Follows,6.6,1894.0,6.587026823261864
13826,11407,7551,Déjà Vu,6.6,1519.0,6.585950032363945
13842,15989,39514,RED,6.6,2858.0,6.589162070380792
13847,25797,198184,Chappie,6.6,3124.0,6.589632899921656
13858,17238,37686,Super 8,6.6,2496.0,6.588448088484132
13888,5439,4108,The Transporter,6.6,1724.0,6.586559865809932
13903,30759,105864,The Good Dinosaur,6.6,1782.0,6.586722912825833
13922,15153,10138,Iron Man 2,6.6,6969.0,6.593631846530929
13931,23748,238636,The Purge: Anarchy,6.6,2008.0,6.587322198166627
13951,11746,8271,Disturbia,6.6,1038.0,6.584276008476666
13964,10979,920,Cars,6.6,3991.0,6.590918776283305
13989,4119,634,Bridget Jones's Diary,6.6,1397.0,6.585560110605163
13993,6233,9654,The Italian Job,6.6,1949.0,6.58717102793458
13994,4182,676,Pearl Harbor,6.6,1833.0,6.586863047644931
13999,4241,9799,The Fast and the Furious,6.6,3485.0,6.590210093494803
14057,26560,166426,Pirates of the Caribbean: Dead Men Tell No Tales,6.6,2814.0,6.58908003547571
14064,17444,1771,Captain America: The First Avenger,6.6,7174.0,6.593760173618431
14099,16974,10195,Thor,6.6,6678.0,6.593440347857839
14108,7140,1824,50 First Dates,6.6,2161.0,6.587698109732617
14145,20619,158011,The Call,6.6,1275.0,6.585147928455849
14154,21337,136400,2 Guns,6.6,1611.0,6.586230422173601
14204,362,854,The Mask,6.6,2550.0,6.5885605057164
14207,9977,7453,The Hitchhiker's Guide to the Galaxy,6.6,1340.0,6.585370418580388
14277,9709,561,Constantine,6.6,1837.0,6.586873913610484
14332,19669,83542,Cloud Atlas,6.6,3031.0,6.589473009323433
14348,40914,369885,Allied,6.6,1415.0,6.585618995518873
14358,19432,49049,Dredd,6.6,1971.0,6.587227816140906
14369,19394,59967,Looper,6.6,4777.0,6.591836708618866
14468,12866,10189,Pineapple Express,6.6,1169.0,6.584770212624832
14480,1321,1573,Die Hard 2,6.6,1920.0,6.587095394637183
14489,10089,953,Madagascar,6.6,3322.0,6.589957640598054
14497,2503,564,The Mummy,6.6,2796.0,6.5890461166903025
14509,1328,364,Batman Returns,6.6,1706.0,6.58650844765575
14518,18796,22970,The Cabin in the Woods,6.6,2314.0,6.588052370830097
14534,12210,4523,Enchanted,6.6,1512.0,6.585928230153027
14535,9,710,GoldenEye,6.6,1194.0,6.584861017462509
14542,18499,76726,Chronicle,6.6,1965.0,6.587212378368312
14550,10012,1495,Kingdom of Heaven,6.6,1187.0,6.5848357014382
14553,14117,12244,9,6.6,1291.0,6.585203320797273
14655,4845,1903,Vanilla Sky,6.5,1100.0,6.557678030305026
14666,5542,565,The Ring,6.5,1720.0,6.550100073367304
14699,10221,1635,The Island,6.5,1813.0,6.549131805116438
14728,25184,270946,Penguins of Madagascar,6.5,1375.0,6.554051725244697
14744,25206,294254,Maze Runner: The Scorch Trials,6.5,3148.0,6.538461403321996
14777,25055,205775,In the Heart of the Sea,6.5,1300.0,6.55499470719244
14801,25084,135397,Jurassic World,6.5,8842.0,6.519966408767866
14814,12508,8065,21,6.5,1406.0,6.553671338529012
14873,10826,950,Ice Age: The Meltdown,6.5,3034.0,6.539188172753241
14937,19129,1930,The Amazing Spider-Man,6.5,6734.0,6.524290788679781
14951,12910,4944,Burn After Reading,6.5,1251.0,6.555628763816542
14970,227,8467,Dumb and Dumber,6.5,1894.0,6.548318464381832
14998,16946,50456,Hanna,6.5,1284.0,6.555200150880294
15047,16705,39513,Paul,6.5,1825.0,6.549009586695751
15064,12826,12133,Step Brothers,6.5,1084.0,6.557904052466398
15070,10104,787,Mr. & Mrs. Smith,6.5,3048.0,6.539097444389004
15073,16670,48138,Unknown,6.5,1288.0,6.5551486461908794
15084,16742,38050,The Adjustment Bureau,6.5,1677.0,6.5505607883276955
15123,12883,7446,Tropic Thunder,6.5,1707.0,6.55023847136003
15125,142,9737,Bad Boys,6.5,1729.0,6.55000470520734
15250,17130,8967,The Tree of Life,6.5,1009.0,6.558987586382312
15261,19732,87502,Flight,6.5,2449.0,6.543396153858353
15269,662,2300,Space Jam,6.5,1335.0,6.554550587498916
15282,17107,55721,Bridesmaids,6.5,1697.0,6.550345452772637
15285,18667,57214,Project X,6.5,1624.0,6.551140438291219
15355,16964,46195,Rio,6.5,2213.0,6.545361137033826
15368,10972,591,The Da Vinci Code,6.5,2773.0,6.540960195117862
15374,7220,1487,Hellboy,6.5,2278.0,6.544802396479118
15413,10952,956,Mission: Impossible III,6.5,2062.0,6.546714531954219
15423,11306,496,Borat: Cultural Learnings of America for Make Benefit Glorious Nation of Kazakhstan,6.5,1617.0,6.55121799094894
15439,21171,136795,The Heat,6.5,1595.0,6.551463266482434
15442,13847,11322,Public Enemies,6.5,1371.0,6.554101200508079
15443,13848,8355,Ice Age: Dawn of the Dinosaurs,6.5,2330.0,6.544365217905856
15455,3629,7443,Chicken Run,6.5,1190.0,6.5564388269802585
15472,21068,49521,Man of Steel,6.5,6462.0,6.52498913922633
15563,11917,3021,1408,6.5,1372.0,6.5540888232029975
15573,23187,102382,The Amazing Spider-Man 2,6.5,4274.0,6.532506839848798
15598,11845,298,Ocean's Thirteen,6.5,2040.0,6.546918485060589
15651,2058,36647,Blade,6.5,1950.0,6.547771720796183
15667,12365,11253,Hellboy II: The Golden Army,6.5,1555.0,6.551915293416843
15723,21609,91586,Insidious: Chapter 2,6.5,1237.0,6.555812617143603
15741,38727,241259,Alice Through the Looking Glass,6.5,1782.0,6.549450375699708
15770,14167,22794,Cloudy with a Chance of Meatballs,6.5,1799.0,6.549275165948375
15845,38140,303858,Money Monster,6.5,1096.0,6.557734370261368
15846,12041,1992,Planet Terror,6.5,1109.0,6.557551666558009
15885,40024,296524,Deepwater Horizon,6.5,1478.0,6.5528081854412115
15911,40025,283366,Miss Peregrine's Home for Peculiar Children,6.5,3213.0,6.538058957859031
15972,13581,13804,Fast & Furious,6.5,2426.0,6.54358013755213
16086,17508,50544,Friends with Benefits,6.5,2306.0,6.5445659276569845
16095,1451,816,Austin Powers: International Man of Mystery,6.5,1033.0,6.558636469796702
16148,4571,9880,The Princess Diaries,6.5,1063.0,6.558203408719917
16156,42214,274857,King Arthur: Legend of the Sword,6.5,1506.0,6.552479965864663
16159,1482,1701,Con Air,6.5,1289.0,6.5551357850327205
16228,1814,544,There's Something About Mary,6.5,1616.0,6.551229089105157
16233,1808,95,Armageddon,6.5,2540.0,6.542683200256418
16236,13670,13448,Angels & Demons,6.5,2183.0,6.545623744928657
16246,11815,1562,28 Weeks Later,6.5,1225.0,6.555971175715033
16257,23665,242224,The Babadook,6.5,1890.0,6.548357996772408
16290,8257,163,Ocean's Twelve,6.4,2169.0,6.503777524423434
16292,19051,80321,Madagascar 3: Europe's Most Wanted,6.4,1857.0,6.510445273109617
16305,20750,75612,Oblivion,6.4,4862.0,6.468225702355973
16324,17124,1865,Pirates of the Caribbean: On Stranger Tides,6.4,5068.0,6.466483481618978
16367,20410,109421,Side Effects,6.4,1340.0,6.5236050348514185
16385,18383,75174,The Grey,6.4,1476.0,6.519848546641409
16504,21309,146216,RED 2,6.4,1548.0,6.51795079089956
16516,20022,82654,Warm Bodies,6.4,2698.0,6.4941411701281915
16537,6785,10719,Elf,6.4,1007.0,6.533879741942163
16539,10196,9522,Wedding Crashers,6.4,1406.0,6.5217530638411585
16546,23918,193893,Let's Be Cops,6.4,1234.0,6.526700270782023
16556,23906,227156,The Giver,6.4,1859.0,6.510399803668239
16564,26569,246655,X-Men: Apocalypse,6.4,4831.0,6.4684958168863735
16586,21131,68724,Elysium,6.4,3510.0,6.48239702661243
16616,7194,1586,Secret Window,6.4,1007.0,6.533879741942163
16645,10709,834,Underworld: Evolution,6.4,1548.0,6.51795079089956
16657,8245,2059,National Treasure,6.4,1974.0,6.507846822083311
16659,8238,5255,The Polar Express,6.4,1524.0,6.51857666288311
16680,17358,51540,Horrible Bosses,6.4,2341.0,6.5004348775693455
16705,20720,109428,Evil Dead,6.4,1754.0,6.512838680037934
16729,20971,116711,Epic,6.4,1143.0,6.529483883684284
16756,4572,5175,Rush Hour 2,6.4,1078.0,6.531548257596347
16832,12356,7555,Rambo,6.4,1009.0,6.5338129356837085
16890,5085,1576,Resident Evil,6.4,2100.0,6.505181848640969
16922,32459,274479,Joy,6.4,1619.0,6.516137342187159
16945,12540,9870,Forgetting Sarah Marshall,6.4,1194.0,6.52790895450043
16986,1425,1624,Liar Liar,6.4,1456.0,6.520386587254839
17022,2514,1893,Star Wars: Episode I - The Phantom Menace,6.4,4526.0,6.47127205929838
17024,3290,9532,Final Destination,6.4,1416.0,6.52147729246213
17078,2591,2105,American Pie,6.4,2358.0,6.5001161557252765
17160,12328,7191,Cloverfield,6.4,2297.0,6.50126930631048
17177,14892,12155,Alice in Wonderland,6.4,4773.0,6.469006979698959
17202,4022,9740,Hannibal,6.4,1296.0,6.524871302961654
17213,13952,20943,The Ugly Truth,6.4,1005.0,6.533946614940136
17260,11921,1571,Live Free or Die Hard,6.4,2122.0,6.504729983639972
17296,30700,211672,Minions,6.4,4729.0,6.469399876581302
17418,6228,310,Bruce Almighty,6.4,3121.0,6.487634353957565
17424,339,3049,Ace Ventura: Pet Detective,6.4,1684.0,6.514525356869593
17438,437,9739,Demolition Man,6.4,1018.0,6.533513130749391
17487,12705,8909,Wanted,6.4,2583.0,6.496080660376263
17508,12768,11631,Mamma Mia!,6.4,1435.0,6.52095675377093
17541,5368,2675,Signs,6.4,1624.0,6.516011733986654
17581,5244,1894,Star Wars: Episode II - Attack of the Clones,6.4,4074.0,6.47582669959286
17584,6783,605,The Matrix Revolutions,6.4,3155.0,6.487150186256143
17589,28290,201085,Crimson Peak,6.4,1494.0,6.519368405568731
17592,11123,1593,Night at the Museum,6.4,2949.0,6.490168501382028
17605,13221,10201,Yes Man,6.4,1869.0,6.510173016889955
17636,21417,59859,Kick-Ass 2,6.3,2275.0,6.4585556022412405
17646,39335,345911,Lights Out,6.3,1174.0,6.500388748195615
17694,18972,41154,Men in Black 3,6.3,4228.0,6.415708073366583
17702,2602,2978,Ghostbusters II,6.3,1131.0,6.502475120150194
17709,2595,2667,The Blair Witch Project,6.3,1090.0,6.504505318224579
17721,18995,70981,Prometheus,6.3,5152.0,6.402591368693449
17766,39662,376659,Bad Moms,6.3,1287.0,6.495105517083599
17780,19109,72105,Ted,6.3,4811.0,6.407070710143444
17799,9704,8488,Hitch,6.3,1721.0,6.47716573013142
17834,41680,356305,Why Him?,6.3,1203.0,6.4990057701619
17865,1702,9313,The Man in the Iron Mask,6.3,1052.0,6.5064236598914595
17876,42853,395992,Life,6.3,1959.0,6.4686612033522195
17897,20050,75780,Jack Reacher,6.3,3046.0,6.438332877786651
17901,42901,305470,Power Rangers,6.3,1321.0,6.493569964402848
17990,21296,76170,The Wolverine,6.3,4110.0,6.417628674387439
18001,21162,117251,White House Down,6.3,1910.0,6.470344723206418
18031,1897,9342,The Mask of Zorro,6.3,1211.0,6.498627611928812
18158,30761,206647,Spectre,6.3,4552.0,6.410743245427136
18159,30760,261023,Black Mass,6.3,1262.0,6.496250233799649
18185,32182,310131,The Witch,6.3,1471.0,6.487074328013491
18233,7728,2789,The Chronicles of Riddick,6.3,1593.0,6.4821041476960595
18264,5120,36586,Blade II,6.3,1556.0,6.48358336909337
18294,28624,241554,Run All Night,6.3,1169.0,6.500629137768787
18295,6399,8961,Bad Boys II,6.3,1588.0,6.482302647966057
18380,26557,68735,Warcraft,6.3,2325.0,6.457066537607119
18389,26554,280092,Insidious: Chapter 3,6.3,1005.0,6.508846714840236
18418,7277,10096,13 Going on 30,6.3,1260.0,6.4963423916929575
18421,30534,238615,Self/less,6.3,1122.0,6.502917312841617
18599,2837,772,Home Alone 2: Lost in New York,6.3,2459.0,6.453210378567297
18658,3167,1907,The Beach,6.3,1271.0,6.495836591620679
18663,23200,157547,Oculus,6.3,1079.0,6.505056951010374
18803,23358,240832,Lucy,6.3,6048.0,6.3924308882746
18827,23957,189,Sin City: A Dame to Kill For,6.3,1314.0,6.493884128499954
18865,13129,13053,Bolt,6.3,1798.0,6.47432191916204
18883,10942,588,Silent Hill,6.3,1093.0,6.50435538763937
18902,10969,7518,Over the Hedge,6.3,1116.0,6.503213182556574
18932,18668,73723,The Lorax,6.3,1048.0,6.506627686241735
18945,11596,3594,The Number 23,6.3,1045.0,6.506780970875447
18977,16279,20526,TRON: Legacy,6.3,2895.0,6.441876865663438
19005,10973,36668,X-Men: The Last Stand,6.3,3581.0,6.4270854477538455
19023,10480,215,Saw II,6.3,1288.0,6.495060006116235
19043,16114,44048,Unstoppable,6.3,1193.0,6.499480497667057
19066,16760,27582,The Mechanic,6.3,1066.0,6.505712729697492
19070,15735,23631,Machete,6.3,1171.0,6.5005329127626625
19083,12975,13027,Eagle Eye,6.3,1038.0,6.507139520985955
19105,18524,59961,Safe House,6.3,1361.0,6.491794093169794
19137,16818,50546,Just Go with It,6.3,1588.0,6.482302647966057
19173,12614,2454,The Chronicles of Narnia: Prince Caspian,6.3,1668.0,6.4791776829269985
19252,20206,82682,Gangster Squad,6.2,1805.0,6.436495055416383
19254,7829,9472,DodgeBall: A True Underdog Story,6.2,1009.0,6.483463634286503
19320,1273,8077,Alien³,6.2,1664.0,6.443646203349841
19325,20383,58244,Upside Down,6.2,1094.0,6.477576898661202
19351,13317,12437,Underworld: Rise of the Lycans,6.2,1447.0,6.455538067076092
19396,21418,87421,Riddick,6.2,2066.0,6.424308439530169
19398,3863,8871,How the Grinch Stole Christmas,6.2,1440.0,6.455941033165196
19429,24140,169917,A Walk Among the Tombstones,6.2,1145.0,6.4741607737018105
19436,21438,123553,The Mortal Instruments: City of Bones,6.2,1649.0,6.44443249703535
19481,13635,2080,X-Men Origins: Wolverine,6.2,4086.0,6.360355998055089
19484,17136,45243,The Hangover Part II,6.2,3836.0,6.36622125036142
19553,15344,34544,The A-Team,6.2,1737.0,6.439890676989084
19579,33833,257445,Goosebumps,6.2,1022.0,6.482547188813803
19617,30690,214756,Ted 2,6.2,2524.0,6.405707449976518
19691,10332,9335,Transporter 2,6.2,1076.0,6.478803005207436
19697,12706,8960,Hancock,6.2,3050.0,6.387819845630733
19710,16054,41733,Due Date,6.2,1737.0,6.439890676989084
19736,20829,109414,This Is the End,6.2,2394.0,6.410666094237031
19751,15202,20662,Robin Hood,6.2,1434.0,6.456287445571916
19779,1474,330,The Lost World: Jurassic Park,6.2,2528.0,6.405558575397197
19787,44842,335988,Transformers: The Last Knight,6.2,1440.0,6.455941033165196
19842,20620,117263,Olympus Has Fallen,6.2,3010.0,6.389070102549559
19862,11811,4964,Knocked Up,6.2,1255.0,6.467071520032981
19901,10301,6957,The 40 Year Old Virgin,6.2,2020.0,6.42636426503692
19924,39224,302699,Central Intelligence,6.2,1699.0,6.441831044321052
19935,15516,27576,Salt,6.2,2125.0,6.421725653048459
19958,23245,193610,The Other Woman,6.2,1467.0,6.454393695974094
19979,38607,332567,The Shallows,6.2,1619.0,6.446020408449611
19995,10177,74,War of the Worlds,6.2,2397.0,6.410548970759878
20001,40026,346685,The Girl on the Train,6.2,1837.0,6.434930158440922
20017,28780,262500,Insurgent,6.2,3921.0,6.364179515349755
20028,15265,9543,Prince of Persia: The Sands of Time,6.2,2372.0,6.4115289976206125
20037,13053,10527,Madagascar: Escape 2 Africa,6.2,1866.0,6.433529752563269
20059,6238,584,2 Fast 2 Furious,6.2,2087.0,6.423382274129041
20196,19139,57800,Ice Age: Continental Drift,6.2,2731.0,6.398276133720821
20213,7718,435,The Day After Tomorrow,6.2,2462.0,6.408042894382037
20224,17750,39538,Contagion,6.2,1351.0,6.461177527866736
20257,23309,195589,Neighbors,6.2,2773.0,6.396833375991044
20291,29291,158852,Tomorrowland,6.2,2904.0,6.392465228903999
20312,8056,6947,The Village,6.2,1101.0,6.477102986883001
20330,16210,10140,The Chronicles of Narnia: The Voyage of the Dawn Treader,6.2,1555.0,6.449477875762034
20389,24278,49017,Dracula Untold,6.2,2439.0,6.408922811000424
20435,42171,293167,Kong: Skull Island,6.2,3161.0,6.3844354295812185
20458,15496,38575,The Karate Kid,6.2,1675.0,6.443072795511403
20472,44009,324852,Despicable Me 3,6.2,2002.0,6.427179013441371
20528,12700,1724,The Incredible Hulk,6.1,3086.0,6.335993795599064
20563,22927,53182,300: Rise of an Empire,6.1,2438.0,6.364120332208994
20572,11054,9615,The Fast and the Furious: Tokyo Drift,6.1,1749.0,6.402447819338732
20583,20932,116741,The Internship,6.1,1691.0,6.406188112200491
20641,21293,77950,Turbo,6.1,1094.0,6.450848337703469
20666,4686,9398,Zoolander,6.1,1363.0,6.429211885882692
20697,18239,76163,The Expendables 2,6.1,2940.0,6.34179529318409
20719,23360,124905,Godzilla,6.1,3232.0,6.330464170473487
20721,12278,6637,National Treasure: Book of Secrets,6.1,1782.0,6.400360227195211
20742,22981,136797,Need for Speed,6.1,1560.0,6.414986235187608
20792,13061,10764,Quantum of Solace,6.1,3015.0,6.338779887964799
20806,13602,16996,17 Again,6.1,1388.0,6.427335820884501
20818,5325,608,Men in Black II,6.1,3188.0,6.332103159240392
20847,12080,7737,Resident Evil: Extinction,6.1,1308.0,6.433415891855189
20862,11034,10947,High School Musical,6.1,1048.0,6.454836235784606
20863,25835,260346,Taken 3,6.1,2225.0,6.374889403947225
20867,21614,112205,The Family,6.1,1052.0,6.454485866753963
20896,30958,296099,Vacation,6.1,1218.0,6.440531715964028
20988,19473,82675,Taken 2,6.1,2783.0,6.348360817402336
20995,18685,49529,John Carter,6.1,2170.0,6.377814325057129
21008,25110,227159,Horrible Bosses 2,6.1,1575.0,6.413953267647639
21014,43231,339846,Baywatch,6.1,1829.0,6.397436256466508
21088,17293,38356,Transformers: Dark of the Moon,6.1,3351.0,6.326145235625244
21090,19814,50620,The Twilight Saga: Breaking Dawn - Part 2,6.1,2641.0,6.3546138734433155
21144,18793,71552,American Reunion,6.1,1641.0,6.40948755306472
21161,15581,27581,The Other Guys,6.1,1406.0,6.425998239777594
21185,19112,77930,Magic Mike,6.1,1062.0,6.453612963856268
21193,18,9273,Ace Ventura: When Nature Calls,6.1,1128.0,6.447957898284542
21203,3595,9679,Gone in Sixty Seconds,6.1,1511.0,6.418408480314923
21282,39332,316727,The Purge: Election Year,6.1,1356.0,6.429741043908221
21362,42235,295693,The Boss Baby,6.1,2336.0,6.369170055523956
21385,25539,181533,Night at the Museum: Secret of the Tomb,6.1,1893.0,6.393545021713063
21389,25532,228967,The Interview,6.1,2340.0,6.368968392249541
21411,23767,138103,The Expendables 3,6.1,1830.0,6.397374662708698
21423,2568,817,Austin Powers: The Spy Who Shagged Me,6.1,1034.0,6.456068000550534
21440,11365,214,Saw III,6.1,1104.0,6.449993235734903
21459,28171,286565,Paper Towns,6.1,1997.0,6.38743439676147
21460,8134,1577,Resident Evil: Apocalypse,6.1,1286.0,6.4351277120700825
21506,18382,52520,Underworld: Awakening,6.1,1885.0,6.394025848939457
21514,20799,134374,Pain & Gain,6.1,1595.0,6.4125864706617985
21515,1342,75,Mars Attacks!,6.1,1544.0,6.41609558578479
21566,22877,225565,That Awkward Moment,6.1,1020.0,6.457308346907266
21633,16621,41630,No Strings Attached,6.1,1367.0,6.428910271694985
21651,12300,6557,27 Dresses,6.1,1013.0,6.457931766256307
21695,9547,693,Meet the Fockers,6.1,1412.0,6.425554805309522
21702,18500,65086,The Woman in Black,6.1,1237.0,6.439004307417447
21757,3893,3981,What Women Want,6.1,1021.0,6.457219464233907
